{
  "IcoMoonType": "selection",
  "icons": [
    {
      "icon": {
        "paths": [
          "M1024 590.444l-512-397.426-512 397.428v-162.038l512-397.426 512 397.428zM896 576v384h-256v-256h-256v256h-256v-384l384-288z"
        ],
        "tags": [
          "home",
          "house"
        ],
        "defaultCode": 59648,
        "grid": 16,
        "attrs": []
      },
      "attrs": [],
      "properties": {
        "ligatures": "home, house",
        "name": "home",
        "order": 5,
        "id": 1,
        "prevSize": 32,
        "code": 59648
      },
      "setIdx": 0,
      "setId": 1,
      "iconIdx": 0
    },
    {
      "icon": {
        "paths": [
          "M1024 608l-192-192v-288h-128v160l-192-192-512 512v32h128v320h320v-192h128v192h320v-320h128z"
        ],
        "tags": [
          "home",
          "house"
        ],
        "defaultCode": 59650,
        "grid": 16,
        "attrs": []
      },
      "attrs": [],
      "properties": {
        "ligatures": "home3, house3",
        "name": "home3",
        "order": 6,
        "id": 3,
        "prevSize": 32,
        "code": 59650
      },
      "setIdx": 0,
      "setId": 1,
      "iconIdx": 2
    },
    {
      "icon": {
        "paths": [
          "M0 1024h512v-1024h-512v1024zM320 128h128v128h-128v-128zM320 384h128v128h-128v-128zM320 640h128v128h-128v-128zM64 128h128v128h-128v-128zM64 384h128v128h-128v-128zM64 640h128v128h-128v-128zM576 320h448v64h-448zM576 1024h128v-256h192v256h128v-576h-448z"
        ],
        "tags": [
          "office",
          "buildings",
          "work"
        ],
        "defaultCode": 59651,
        "grid": 16,
        "attrs": []
      },
      "attrs": [],
      "properties": {
        "ligatures": "office, buildings",
        "name": "office",
        "order": 7,
        "id": 4,
        "prevSize": 32,
        "code": 59651
      },
      "setIdx": 0,
      "setId": 1,
      "iconIdx": 3
    },
    {
      "icon": {
        "paths": [
          "M304 608c0 114.876 93.124 208 208 208s208-93.124 208-208-93.124-208-208-208-208 93.124-208 208zM960 256h-224c-16-64-32-128-96-128h-256c-64 0-80 64-96 128h-224c-35.2 0-64 28.8-64 64v576c0 35.2 28.8 64 64 64h896c35.2 0 64-28.8 64-64v-576c0-35.2-28.8-64-64-64zM512 892c-156.85 0-284-127.148-284-284 0-156.85 127.15-284 284-284 156.852 0 284 127.15 284 284 0 156.852-127.146 284-284 284zM960 448h-128v-64h128v64z"
        ],
        "tags": [
          "camera",
          "photo",
          "picture",
          "image"
        ],
        "defaultCode": 59663,
        "grid": 16,
        "attrs": []
      },
      "attrs": [],
      "properties": {
        "ligatures": "camera, photo",
        "name": "camera",
        "order": 2,
        "id": 16,
        "prevSize": 32,
        "code": 59663
      },
      "setIdx": 0,
      "setId": 1,
      "iconIdx": 15
    },
    {
      "icon": {
        "paths": [
          "M288 576h-64v448h64c17.6 0 32-14.4 32-32v-384c0-17.6-14.4-32-32-32z",
          "M736 576c-17.602 0-32 14.4-32 32v384c0 17.6 14.398 32 32 32h64v-448h-64z",
          "M1024 512c0-282.77-229.23-512-512-512s-512 229.23-512 512c0 61.412 10.83 120.29 30.656 174.848-19.478 33.206-30.656 71.87-30.656 113.152 0 112.846 83.448 206.188 192 221.716v-443.418c-31.914 4.566-61.664 15.842-87.754 32.378-5.392-26.718-8.246-54.364-8.246-82.676 0-229.75 186.25-416 416-416s416 186.25 416 416c0 28.314-2.83 55.968-8.22 82.696-26.1-16.546-55.854-27.848-87.78-32.418v443.44c108.548-15.532 192-108.874 192-221.714 0-41.274-11.178-79.934-30.648-113.138 19.828-54.566 30.648-113.452 30.648-174.866z"
        ],
        "tags": [
          "headphones",
          "headset",
          "music",
          "audio"
        ],
        "defaultCode": 59664,
        "grid": 16,
        "attrs": []
      },
      "attrs": [],
      "properties": {
        "ligatures": "headphones, headset",
        "name": "headphones",
        "order": 3,
        "id": 17,
        "prevSize": 32,
        "code": 59664
      },
      "setIdx": 0,
      "setId": 1,
      "iconIdx": 16
    },
    {
      "icon": {
        "paths": [
          "M960 0h64v736c0 88.366-100.29 160-224 160s-224-71.634-224-160c0-88.368 100.29-160 224-160 62.684 0 119.342 18.4 160 48.040v-368.040l-512 113.778v494.222c0 88.366-100.288 160-224 160s-224-71.634-224-160c0-88.368 100.288-160 224-160 62.684 0 119.342 18.4 160 48.040v-624.040l576-128z"
        ],
        "tags": [
          "music",
          "song",
          "audio",
          "sound",
          "note"
        ],
        "defaultCode": 59665,
        "grid": 16,
        "attrs": []
      },
      "attrs": [],
      "properties": {
        "ligatures": "music, song",
        "name": "music",
        "order": 4,
        "id": 18,
        "prevSize": 32,
        "code": 59665
      },
      "setIdx": 0,
      "setId": 1,
      "iconIdx": 17
    },
    {
      "icon": {
        "paths": [
          "M384 928c0 53.019-42.981 96-96 96s-96-42.981-96-96c0-53.019 42.981-96 96-96s96 42.981 96 96z",
          "M1024 928c0 53.019-42.981 96-96 96s-96-42.981-96-96c0-53.019 42.981-96 96-96s96 42.981 96 96z",
          "M1024 512v-384h-768c0-35.346-28.654-64-64-64h-192v64h128l48.074 412.054c-29.294 23.458-48.074 59.5-48.074 99.946 0 70.696 57.308 128 128 128h768v-64h-768c-35.346 0-64-28.654-64-64 0-0.218 0.014-0.436 0.016-0.656l831.984-127.344z"
        ],
        "tags": [
          "cart",
          "purchase",
          "ecommerce",
          "shopping"
        ],
        "defaultCode": 59706,
        "grid": 16,
        "attrs": []
      },
      "attrs": [],
      "properties": {
        "ligatures": "cart, purchase",
        "name": "cart",
        "order": 21,
        "id": 59,
        "prevSize": 32,
        "code": 59706
      },
      "setIdx": 0,
      "setId": 1,
      "iconIdx": 58
    },
    {
      "icon": {
        "paths": [
          "M704 640c-64 64-64 128-128 128s-128-64-192-128-128-128-128-192 64-64 128-128-128-256-192-256-192 192-192 192c0 128 131.5 387.5 256 512s384 256 512 256c0 0 192-128 192-192s-192-256-256-192z"
        ],
        "tags": [
          "phone",
          "telephone",
          "contact",
          "support",
          "call"
        ],
        "defaultCode": 59714,
        "grid": 16,
        "attrs": []
      },
      "attrs": [],
      "properties": {
        "ligatures": "phone, telephone",
        "name": "phone",
        "order": 8,
        "id": 67,
        "prevSize": 32,
        "code": 59714
      },
      "setIdx": 0,
      "setId": 1,
      "iconIdx": 66
    },
    {
      "icon": {
        "paths": [
          "M512 0c-176.732 0-320 143.268-320 320 0 320 320 704 320 704s320-384 320-704c0-176.732-143.27-320-320-320zM512 516c-108.248 0-196-87.752-196-196s87.752-196 196-196 196 87.752 196 196-87.752 196-196 196zM388 320c0-68.483 55.517-124 124-124s124 55.517 124 124c0 68.483-55.517 124-124 124s-124-55.517-124-124z"
        ],
        "tags": [
          "location",
          "map-marker",
          "pin"
        ],
        "defaultCode": 59720,
        "grid": 16,
        "attrs": []
      },
      "attrs": [],
      "properties": {
        "ligatures": "location2, map-marker2",
        "name": "location2",
        "order": 23,
        "id": 73,
        "prevSize": 32,
        "code": 59720
      },
      "setIdx": 0,
      "setId": 1,
      "iconIdx": 72
    },
    {
      "icon": {
        "paths": [
          "M736 0h-448c-52.8 0-96 43.2-96 96v832c0 52.8 43.2 96 96 96h448c52.8 0 96-43.2 96-96v-832c0-52.8-43.2-96-96-96zM384 48h256v32h-256v-32zM512 960c-35.346 0-64-28.654-64-64s28.654-64 64-64 64 28.654 64 64-28.654 64-64 64zM768 768h-512v-640h512v640z"
        ],
        "tags": [
          "mobile",
          "cell-phone",
          "handheld"
        ],
        "defaultCode": 59736,
        "grid": 16,
        "attrs": []
      },
      "attrs": [],
      "properties": {
        "ligatures": "mobile, cell-phone",
        "name": "mobile",
        "order": 9,
        "id": 89,
        "prevSize": 32,
        "code": 59736
      },
      "setIdx": 0,
      "setId": 1,
      "iconIdx": 88
    },
    {
      "icon": {
        "paths": [
          "M512 576l256-256h-192v-256h-128v256h-192zM744.726 471.272l-71.74 71.742 260.080 96.986-421.066 157.018-421.066-157.018 260.080-96.986-71.742-71.742-279.272 104.728v256l512 192 512-192v-256z"
        ],
        "tags": [
          "download",
          "save",
          "store",
          "arrow"
        ],
        "defaultCode": 59744,
        "grid": 16,
        "attrs": []
      },
      "attrs": [],
      "properties": {
        "ligatures": "download, save",
        "name": "download",
        "order": 13,
        "id": 97,
        "prevSize": 32,
        "code": 59744
      },
      "setIdx": 0,
      "setId": 1,
      "iconIdx": 96
    },
    {
      "icon": {
        "paths": [
          "M448 576h128v-256h192l-256-256-256 256h192zM640 432v98.712l293.066 109.288-421.066 157.018-421.066-157.018 293.066-109.288v-98.712l-384 144v256l512 192 512-192v-256z"
        ],
        "tags": [
          "upload",
          "load",
          "arrow"
        ],
        "defaultCode": 59745,
        "grid": 16,
        "attrs": []
      },
      "attrs": [],
      "properties": {
        "ligatures": "upload, load",
        "name": "upload",
        "order": 14,
        "id": 98,
        "prevSize": 32,
        "code": 59745
      },
      "setIdx": 0,
      "setId": 1,
      "iconIdx": 97
    },
    {
      "icon": {
        "paths": [
          "M761.862 1024c113.726-206.032 132.888-520.306-313.862-509.824v253.824l-384-384 384-384v248.372c534.962-13.942 594.57 472.214 313.862 775.628z"
        ],
        "tags": [
          "undo",
          "left",
          "arrow-left"
        ],
        "defaultCode": 59751,
        "grid": 16,
        "attrs": []
      },
      "attrs": [],
      "properties": {
        "ligatures": "undo2, left",
        "name": "undo2",
        "order": 10,
        "id": 104,
        "prevSize": 32,
        "code": 59751
      },
      "setIdx": 0,
      "setId": 1,
      "iconIdx": 103
    },
    {
      "icon": {
        "paths": [
          "M576 248.372v-248.372l384 384-384 384v-253.824c-446.75-10.482-427.588 303.792-313.86 509.824-280.712-303.414-221.1-789.57 313.86-775.628z"
        ],
        "tags": [
          "redo",
          "right",
          "arrow-right"
        ],
        "defaultCode": 59752,
        "grid": 16,
        "attrs": []
      },
      "attrs": [],
      "properties": {
        "ligatures": "redo2, right",
        "name": "redo2",
        "order": 11,
        "id": 105,
        "prevSize": 32,
        "code": 59752
      },
      "setIdx": 0,
      "setId": 1,
      "iconIdx": 104
    },
    {
      "icon": {
        "width": 1024,
        "paths": [
          "M384 736c0-151.234 95.874-280.486 230.032-330.2 16.28-36.538 25.968-77.164 25.968-117.8 0-159.058 0-288-192-288s-192 128.942-192 288c0 99.060 57.502 198.104 128 237.832v52.78c-217.102 17.748-384 124.42-384 253.388h397.306c-8.664-30.53-13.306-62.732-13.306-96z",
          "M736 448c-159.058 0-288 128.942-288 288s128.942 288 288 288c159.056 0 288-128.942 288-288s-128.942-288-288-288zM896 768h-128v128h-64v-128h-128v-64h128v-128h64v128h128v64z"
        ],
        "tags": [
          "user-plus",
          "user",
          "user-add",
          "profile",
          "avatar",
          "person",
          "member"
        ],
        "defaultCode": 59763,
        "grid": 16,
        "attrs": []
      },
      "attrs": [],
      "properties": {
        "ligatures": "user-plus, user2",
        "name": "user-plus",
        "order": 12,
        "id": 116,
        "prevSize": 32,
        "code": 59763
      },
      "setIdx": 0,
      "setId": 1,
      "iconIdx": 115
    },
    {
      "icon": {
        "paths": [
          "M960 608v-160c0-52.934-43.066-96-96-96-17.104 0-33.176 4.494-47.098 12.368-17.076-26.664-46.958-44.368-80.902-44.368-24.564 0-47.004 9.274-64 24.504-16.996-15.23-39.436-24.504-64-24.504-11.214 0-21.986 1.934-32 5.484v-229.484c0-52.934-43.066-96-96-96s-96 43.066-96 96v394.676l-176.018-93.836c-14.536-8.4-31.126-12.84-47.982-12.84-52.934 0-96 43.066-96 96 0 26.368 10.472 50.954 29.49 69.226 0.248 0.238 0.496 0.47 0.75 0.7l239.17 218.074h-45.41c-17.672 0-32 14.326-32 32v192c0 17.674 14.328 32 32 32h640c17.674 0 32-14.326 32-32v-192c0-17.674-14.326-32-32-32h-44.222l72.844-145.69c2.222-4.442 3.378-9.342 3.378-14.31zM896 864c0 17.674-14.326 32-32 32s-32-14.326-32-32 14.326-32 32-32 32 14.326 32 32zM896 600.446l-83.776 167.554h-383.826l-290.818-265.166c-6.18-6.070-9.58-14.164-9.58-22.834 0-17.644 14.356-32 32-32 5.46 0 10.612 1.31 15.324 3.894 0.53 0.324 1.070 0.632 1.622 0.926l224 119.416c9.92 5.288 21.884 4.986 31.52-0.8 9.638-5.782 15.534-16.196 15.534-27.436v-448c0-17.644 14.356-32 32-32s32 14.356 32 32v320c0 17.672 14.326 32 32 32s32-14.328 32-32c0-17.644 14.356-32 32-32s32 14.356 32 32c0 17.672 14.326 32 32 32s32-14.328 32-32c0-17.644 14.356-32 32-32s32 14.356 32 32v32c0 17.672 14.326 32 32 32s32-14.328 32-32c0-17.644 14.356-32 32-32s32 14.356 32 32v152.446z"
        ],
        "tags": [
          "point-up",
          "finger",
          "direction",
          "hand"
        ],
        "defaultCode": 59907,
        "grid": 16,
        "attrs": []
      },
      "attrs": [],
      "properties": {
        "ligatures": "point-up, finger",
        "name": "point-up",
        "order": 16,
        "id": 260,
        "prevSize": 32,
        "code": 59907
      },
      "setIdx": 0,
      "setId": 1,
      "iconIdx": 259
    },
    {
      "icon": {
        "paths": [
          "M416 960h160c52.934 0 96-43.066 96-96 0-17.104-4.494-33.176-12.368-47.098 26.664-17.076 44.368-46.958 44.368-80.902 0-24.564-9.276-47.004-24.504-64 15.228-16.996 24.504-39.436 24.504-64 0-11.214-1.934-21.986-5.484-32h229.484c52.934 0 96-43.066 96-96s-43.066-96-96-96h-394.676l93.836-176.018c8.4-14.536 12.84-31.126 12.84-47.982 0-52.934-43.066-96-96-96-26.368 0-50.954 10.472-69.226 29.49-0.238 0.248-0.47 0.496-0.7 0.75l-218.074 239.17v-45.41c0-17.672-14.326-32-32-32h-192c-17.674 0-32 14.328-32 32v640c0 17.674 14.326 32 32 32h192c17.674 0 32-14.326 32-32v-44.222l145.69 72.844c4.444 2.222 9.342 3.378 14.31 3.378zM160 896c-17.674 0-32-14.326-32-32s14.326-32 32-32 32 14.326 32 32-14.326 32-32 32zM423.556 896l-167.556-83.778v-383.824l265.168-290.818c6.066-6.18 14.162-9.58 22.832-9.58 17.644 0 32 14.356 32 32 0 5.46-1.308 10.612-3.894 15.324-0.324 0.53-0.632 1.070-0.926 1.622l-119.418 224c-5.288 9.92-4.986 21.884 0.8 31.52 5.784 9.638 16.198 15.534 27.438 15.534h448c17.644 0 32 14.356 32 32s-14.356 32-32 32h-320c-17.672 0-32 14.326-32 32s14.328 32 32 32c17.644 0 32 14.356 32 32s-14.356 32-32 32c-17.674 0-32 14.326-32 32s14.326 32 32 32c17.644 0 32 14.356 32 32s-14.356 32-32 32h-32c-17.674 0-32 14.326-32 32s14.326 32 32 32c17.644 0 32 14.356 32 32s-14.356 32-32 32h-152.444z"
        ],
        "tags": [
          "point-right",
          "finger",
          "direction",
          "hand"
        ],
        "defaultCode": 59908,
        "grid": 16,
        "attrs": []
      },
      "attrs": [],
      "properties": {
        "ligatures": "point-right, finger2",
        "name": "point-right",
        "order": 15,
        "id": 261,
        "prevSize": 32,
        "code": 59908
      },
      "setIdx": 0,
      "setId": 1,
      "iconIdx": 260
    },
    {
      "icon": {
        "paths": [
          "M960 416v160c0 52.934-43.066 96-96 96-17.104 0-33.176-4.494-47.098-12.368-17.076 26.662-46.96 44.368-80.902 44.368-24.564 0-47.004-9.276-64-24.504-16.996 15.228-39.436 24.504-64 24.504-11.214 0-21.986-1.934-32-5.484v229.484c0 52.934-43.066 96-96 96-52.936 0-96-43.066-96-96v-394.676l-176.018 93.836c-14.538 8.398-31.126 12.84-47.982 12.84-52.936 0-96-43.066-96-96 0-26.368 10.472-50.952 29.488-69.226 0.248-0.238 0.496-0.47 0.75-0.7l239.17-218.074h-45.408c-17.674 0-32-14.326-32-32v-192c0-17.674 14.326-32 32-32h640c17.674 0 32 14.326 32 32v192c0 17.674-14.326 32-32 32h-44.222l72.842 145.69c2.224 4.442 3.38 9.342 3.38 14.31zM896 160c0-17.674-14.326-32-32-32s-32 14.326-32 32 14.326 32 32 32 32-14.326 32-32zM896 423.554l-83.778-167.554h-383.824l-290.82 265.168c-6.18 6.066-9.578 14.162-9.578 22.832 0 17.644 14.356 32 32 32 5.458 0 10.612-1.308 15.324-3.894 0.53-0.324 1.070-0.632 1.622-0.926l224-119.416c9.92-5.288 21.884-4.986 31.52 0.8 9.638 5.782 15.534 16.196 15.534 27.436v448c0 17.644 14.356 32 32 32s32-14.356 32-32v-320c0-17.672 14.326-32 32-32s32 14.328 32 32c0 17.644 14.356 32 32 32s32-14.356 32-32c0-17.674 14.326-32 32-32s32 14.326 32 32c0 17.644 14.356 32 32 32s32-14.356 32-32v-32c0-17.674 14.326-32 32-32s32 14.326 32 32c0 17.644 14.356 32 32 32s32-14.356 32-32v-152.446z"
        ],
        "tags": [
          "point-down",
          "finger",
          "direction",
          "hand"
        ],
        "defaultCode": 59909,
        "grid": 16,
        "attrs": []
      },
      "attrs": [],
      "properties": {
        "ligatures": "point-down, finger3",
        "name": "point-down",
        "order": 17,
        "id": 262,
        "prevSize": 32,
        "code": 59909
      },
      "setIdx": 0,
      "setId": 1,
      "iconIdx": 261
    },
    {
      "icon": {
        "paths": [
          "M608 960h-160c-52.934 0-96-43.066-96-96 0-17.104 4.494-33.176 12.368-47.098-26.662-17.076-44.368-46.958-44.368-80.902 0-24.564 9.276-47.004 24.504-64-15.228-16.996-24.504-39.436-24.504-64 0-11.214 1.934-21.986 5.484-32h-229.484c-52.934 0-96-43.066-96-96 0-52.936 43.066-96 96-96h394.676l-93.836-176.018c-8.398-14.536-12.84-31.126-12.84-47.982 0-52.936 43.066-96 96-96 26.368 0 50.952 10.472 69.224 29.488 0.238 0.248 0.472 0.496 0.7 0.75l218.076 239.17v-45.408c0-17.674 14.326-32 32-32h192c17.674 0 32 14.326 32 32v640c0 17.674-14.326 32-32 32h-192c-17.674 0-32-14.326-32-32v-44.222l-145.69 72.844c-4.442 2.222-9.34 3.378-14.31 3.378zM864 896c17.674 0 32-14.326 32-32s-14.326-32-32-32-32 14.326-32 32 14.326 32 32 32zM600.446 896l167.554-83.778v-383.824l-265.168-290.82c-6.066-6.18-14.162-9.578-22.832-9.578-17.644 0-32 14.356-32 32 0 5.458 1.308 10.612 3.894 15.324 0.324 0.53 0.632 1.070 0.926 1.622l119.416 224c5.29 9.92 4.988 21.884-0.798 31.52-5.784 9.638-16.198 15.534-27.438 15.534h-448c-17.644 0-32 14.356-32 32s14.356 32 32 32h320c17.672 0 32 14.326 32 32s-14.328 32-32 32c-17.644 0-32 14.356-32 32s14.356 32 32 32c17.674 0 32 14.326 32 32s-14.326 32-32 32c-17.644 0-32 14.356-32 32s14.356 32 32 32h32c17.674 0 32 14.326 32 32s-14.326 32-32 32c-17.644 0-32 14.356-32 32s14.356 32 32 32h152.446z"
        ],
        "tags": [
          "point-left",
          "finger",
          "direction",
          "hand"
        ],
        "defaultCode": 59910,
        "grid": 16,
        "attrs": []
      },
      "attrs": [],
      "properties": {
        "ligatures": "point-left, finger4",
        "name": "point-left",
        "order": 18,
        "id": 263,
        "prevSize": 32,
        "code": 59910
      },
      "setIdx": 0,
      "setId": 1,
      "iconIdx": 262
    },
    {
      "icon": {
        "paths": [
          "M992 512l-480-480v288h-512v384h512v288z"
        ],
        "tags": [
          "arrow-right",
          "right",
          "next"
        ],
        "defaultCode": 59956,
        "grid": 16,
        "attrs": []
      },
      "attrs": [],
      "properties": {
        "ligatures": "arrow-right, right3",
        "name": "arrow-right",
        "order": 19,
        "id": 309,
        "prevSize": 32,
        "code": 59956
      },
      "setIdx": 0,
      "setId": 1,
      "iconIdx": 308
    },
    {
      "icon": {
        "paths": [
          "M32 512l480 480v-288h512v-384h-512v-288z"
        ],
        "tags": [
          "arrow-left",
          "left",
          "previous"
        ],
        "defaultCode": 59960,
        "grid": 16,
        "attrs": []
      },
      "attrs": [],
      "properties": {
        "ligatures": "arrow-left, left3",
        "name": "arrow-left",
        "order": 20,
        "id": 313,
        "prevSize": 32,
        "code": 59960
      },
      "setIdx": 0,
      "setId": 1,
      "iconIdx": 312
    }
  ],
  "height": 1024,
  "metadata": {
    "name": "icomoon"
  },
  "preferences": {
    "showGlyphs": true,
    "showQuickUse": true,
    "showQuickUse2": true,
    "showSVGs": true,
    "fontPref": {
      "prefix": "icon-",
      "metadata": {
        "fontFamily": "icomoon"
      },
      "metrics": {
        "emSize": 1024,
        "baseline": 6.25,
        "whitespace": 50
      },
      "embed": false
    },
    "imagePref": {
      "prefix": "icon-",
      "png": true,
      "useClassSelector": true,
      "color": 0,
      "bgColor": 16777215,
      "classSelector": ".icon"
    },
    "historySize": 50,
    "showCodes": true,
    "gridSize": 16
  }
}